#IOC list created from multiple sources,,
"#format used is ipaddress,time,source,",,
,,
IP,time,source
46.160.165.31,May 12 2020 02:11:06,Flashpoint IOC
193.124.117.102,May 12 2020 02:11:06,Flashpoint IOC
93.95.97.20,May 12 2020 02:11:06,Flashpoint IOC
194.87.102.151,May 12 2020 02:11:06,Flashpoint IOC
163.53.206.187,May 12 2020 02:11:06,Flashpoint IOC
191.7.30.30,May 12 2020 02:11:06,Flashpoint IOC
186.103.161.204,May 12 2020 02:11:06,Flashpoint IOC
147.135.185.124,May 12 2020 02:11:06,Flashpoint IOC
195.133.48.128,May 12 2020 02:11:06,Flashpoint IOC
149.56.35.205,May 12 2020 02:11:06,Flashpoint IOC
93.99.68.140,May 12 2020 02:11:06,Flashpoint IOC
172.104.169.32,May 12 2020 02:06:45,Flashpoint IOC
177.103.159.44,May 12 2020 02:06:45,Flashpoint IOC
72.47.248.48,May 12 2020 02:06:45,Flashpoint IOC
200.69.224.73,May 12 2020 02:06:45,Flashpoint IOC
46.28.111.142,May 12 2020 02:06:45,Flashpoint IOC
94.176.234.118,May 12 2020 02:06:45,Flashpoint IOC
190.229.148.144,May 12 2020 02:06:45,Flashpoint IOC
200.126.237.113,May 12 2020 02:06:45,Flashpoint IOC
175.114.178.83,May 12 2020 02:06:45,Flashpoint IOC
152.231.89.226,May 12 2020 02:06:45,Flashpoint IOC
113.161.147.51,May 12 2020 02:06:45,Flashpoint IOC
164.77.130.222,May 12 2020 02:06:45,Flashpoint IOC
185.94.252.13,May 12 2020 02:06:45,Flashpoint IOC
177.66.190.130,May 12 2020 02:06:45,Flashpoint IOC
185.94.252.27,May 12 2020 02:06:45,Flashpoint IOC
110.143.8.89,May 12 2020 02:06:45,Flashpoint IOC
93.147.157.195,May 12 2020 02:06:45,Flashpoint IOC
50.28.51.143,May 12 2020 02:06:45,Flashpoint IOC
186.68.48.204,May 12 2020 02:06:45,Flashpoint IOC
61.92.159.208,May 12 2020 02:06:45,Flashpoint IOC
70.32.115.157,May 12 2020 02:06:45,Flashpoint IOC
212.71.237.140,May 12 2020 02:06:45,Flashpoint IOC
189.1.185.248,May 12 2020 02:06:45,Flashpoint IOC
77.90.136.129,May 12 2020 02:06:45,Flashpoint IOC
187.162.248.237,May 12 2020 02:06:45,Flashpoint IOC
203.122.18.234,May 12 2020 02:06:45,Flashpoint IOC
104.236.161.64,May 12 2020 02:06:45,Flashpoint IOC
177.139.131.143,May 12 2020 02:06:45,Flashpoint IOC
185.94.252.12,May 12 2020 02:06:45,Flashpoint IOC
204.225.249.100,May 12 2020 02:06:45,Flashpoint IOC
181.10.204.106,May 12 2020 02:06:45,Flashpoint IOC
47.150.248.161,May 12 2020 02:06:45,Flashpoint IOC
190.181.235.46,May 12 2020 02:06:45,Flashpoint IOC
178.79.163.131,May 12 2020 02:06:45,Flashpoint IOC
170.81.48.2,May 12 2020 02:06:45,Flashpoint IOC
104.131.41.185,May 12 2020 02:06:45,Flashpoint IOC
186.3.232.68,May 12 2020 02:06:45,Flashpoint IOC
203.25.159.3,May 12 2020 02:06:45,Flashpoint IOC
200.119.11.118,May 12 2020 02:06:45,Flashpoint IOC
77.55.211.77,May 12 2020 02:06:45,Flashpoint IOC
143.0.87.101,May 12 2020 02:06:45,Flashpoint IOC
73.239.11.159,May 12 2020 02:06:45,Flashpoint IOC
187.51.47.26,May 12 2020 02:06:45,Flashpoint IOC
177.72.13.80,May 12 2020 02:06:45,Flashpoint IOC
114.109.179.60,May 12 2020 02:06:45,Flashpoint IOC
68.183.190.199,May 12 2020 02:06:45,Flashpoint IOC
190.57.130.142,May 12 2020 02:06:45,Flashpoint IOC
177.188.121.26,May 12 2020 02:06:45,Flashpoint IOC
91.236.4.234,May 12 2020 02:06:45,Flashpoint IOC
202.62.39.111,May 12 2020 02:06:45,Flashpoint IOC
2.47.112.152,May 12 2020 02:06:45,Flashpoint IOC
181.31.211.181,May 12 2020 02:06:45,Flashpoint IOC
65.24.85.214,May 12 2020 02:06:45,Flashpoint IOC
111.67.12.221,May 12 2020 02:06:45,Flashpoint IOC
201.91.28.210,May 12 2020 02:06:45,Flashpoint IOC
46.214.11.172,May 12 2020 02:06:45,Flashpoint IOC
192.241.146.84,May 12 2020 02:06:45,Flashpoint IOC
221.133.46.86,May 12 2020 02:06:45,Flashpoint IOC
104.131.103.37,May 12 2020 02:06:45,Flashpoint IOC
190.17.195.202,May 12 2020 02:06:45,Flashpoint IOC
149.62.173.247,May 12 2020 02:06:45,Flashpoint IOC
70.32.84.74,May 12 2020 02:06:45,Flashpoint IOC
113.190.254.245,May 12 2020 02:06:45,Flashpoint IOC
12.162.84.2,May 12 2020 02:06:45,Flashpoint IOC
201.213.32.59,May 12 2020 02:06:45,Flashpoint IOC
59.120.5.154,May 12 2020 02:06:45,Flashpoint IOC
91.83.93.124,May 12 2020 02:06:45,Flashpoint IOC
93.147.137.162,May 12 2020 02:06:45,Flashpoint IOC
177.38.15.151,May 12 2020 02:06:45,Flashpoint IOC
186.188.222.3,May 12 2020 02:06:45,Flashpoint IOC
82.196.15.205,May 12 2020 02:06:45,Flashpoint IOC
118.69.71.14,May 12 2020 02:06:45,Flashpoint IOC
5.196.35.138,May 12 2020 02:06:45,Flashpoint IOC
45.161.242.102,May 12 2020 02:06:45,Flashpoint IOC
103.83.81.141,May 12 2020 02:06:45,Flashpoint IOC
177.73.3.204,May 12 2020 02:06:45,Flashpoint IOC
37.187.6.63,May 12 2020 02:06:45,Flashpoint IOC
83.169.21.32,May 12 2020 02:06:45,Flashpoint IOC
186.33.141.88,May 12 2020 02:06:45,Flashpoint IOC
192.241.143.52,May 12 2020 02:06:45,Flashpoint IOC
172.241.27.188,May 6 2020 14:54:25,Flashpoint IOC
172.241.27.132,May 6 2020 14:54:25,Flashpoint IOC
85.204.116.18,May 4 2020 18:54:25,Flashpoint IOC
45.148.120.176,May 4 2020 18:54:25,Flashpoint IOC
96.9.77.56,May 4 2020 18:54:25,Flashpoint IOC
181.129.134.18,May 4 2020 18:54:25,Flashpoint IOC
5.9.178.74,May 4 2020 18:54:25,Flashpoint IOC
5.182.211.215,May 4 2020 18:54:25,Flashpoint IOC
104.168.125.105,May 4 2020 18:54:25,Flashpoint IOC
181.129.104.139,May 4 2020 18:54:25,Flashpoint IOC
103.227.147.82,May 4 2020 18:54:25,Flashpoint IOC
93.189.41.252,May 4 2020 18:54:25,Flashpoint IOC
110.232.76.39,May 4 2020 18:54:25,Flashpoint IOC
5.101.50.173,May 4 2020 18:54:25,Flashpoint IOC
190.136.178.52,May 4 2020 18:54:25,Flashpoint IOC
103.5.231.188,May 4 2020 18:54:25,Flashpoint IOC
185.99.2.133,May 4 2020 18:54:25,Flashpoint IOC
194.36.189.141,May 4 2020 18:54:25,Flashpoint IOC
171.100.142.238,May 4 2020 18:54:25,Flashpoint IOC
144.91.76.208,May 4 2020 18:54:25,Flashpoint IOC
51.89.177.14,May 4 2020 18:54:25,Flashpoint IOC
181.112.157.42,May 4 2020 18:54:25,Flashpoint IOC
158.69.133.68,May 4 2020 18:54:25,Flashpoint IOC
202.29.215.114,May 4 2020 18:54:25,Flashpoint IOC
36.91.45.10,May 4 2020 18:54:25,Flashpoint IOC
122.50.6.122,May 4 2020 18:54:25,Flashpoint IOC
45.6.16.68,May 4 2020 18:54:25,Flashpoint IOC
110.93.15.98,May 4 2020 18:54:25,Flashpoint IOC
85.204.116.182,May 4 2020 18:54:25,Flashpoint IOC
131.161.253.190,May 4 2020 18:54:25,Flashpoint IOC
103.12.161.194,May 4 2020 18:54:25,Flashpoint IOC
193.38.54.106,May 4 2020 18:54:25,Flashpoint IOC
121.100.19.18,May 4 2020 18:54:25,Flashpoint IOC
200.171.101.169,May 4 2020 18:54:25,Flashpoint IOC
172.245.159.191,May 4 2020 18:54:25,Flashpoint IOC
190.214.13.2,May 4 2020 18:54:25,Flashpoint IOC
158.69.133.69,May 4 2020 18:54:25,Flashpoint IOC
185.20.185.76,May 4 2020 18:08:17,Flashpoint IOC
170.84.78.224,May 4 2020 18:08:17,Flashpoint IOC
192.210.226.106,May 4 2020 18:08:17,Flashpoint IOC
180.180.216.177,May 4 2020 18:08:17,Flashpoint IOC
200.21.51.38,May 4 2020 18:08:17,Flashpoint IOC
119.252.165.75,May 4 2020 18:08:17,Flashpoint IOC
146.185.253.178,May 4 2020 18:08:17,Flashpoint IOC
181.196.207.202,May 4 2020 18:08:17,Flashpoint IOC
181.113.28.146,May 4 2020 18:08:17,Flashpoint IOC
217.12.209.200,May 4 2020 18:08:17,Flashpoint IOC
185.14.31.252,May 4 2020 18:08:17,Flashpoint IOC
181.140.173.186,May 4 2020 18:08:17,Flashpoint IOC
114.8.133.71,May 4 2020 18:08:17,Flashpoint IOC
51.89.73.158,May 4 2020 18:08:17,Flashpoint IOC
36.89.85.103,May 4 2020 18:08:17,Flashpoint IOC
5.182.210.226,May 4 2020 18:08:17,Flashpoint IOC
172.245.156.138,May 4 2020 18:08:17,Flashpoint IOC
46.174.235.36,May 4 2020 18:08:17,Flashpoint IOC
46.17.107.65,May 4 2020 18:08:17,Flashpoint IOC
186.232.91.240,May 4 2020 18:08:17,Flashpoint IOC
185.99.2.115,May 4 2020 18:08:17,Flashpoint IOC
185.203.118.37,May 4 2020 18:08:17,Flashpoint IOC
194.5.250.150,May 4 2020 18:08:17,Flashpoint IOC
195.123.239.67,May 4 2020 18:08:17,Flashpoint IOC
185.99.2.221,May 4 2020 18:08:17,Flashpoint IOC
51.254.164.245,May 4 2020 18:08:17,Flashpoint IOC
51.254.164.244,May 4 2020 18:08:17,Flashpoint IOC
186.71.150.23,May 4 2020 18:08:17,Flashpoint IOC
45.148.120.153,May 4 2020 18:08:17,Flashpoint IOC
185.62.188.159,May 4 2020 18:08:17,Flashpoint IOC
200.127.121.99,May 4 2020 18:08:17,Flashpoint IOC
51.38.134.203,Apr 30 2020 21:54:43,Flashpoint IOC
37.208.106.146,Apr 30 2020 21:54:43,Flashpoint IOC
139.59.12.63,Apr 30 2020 21:54:43,Flashpoint IOC
172.104.70.207,Apr 30 2020 21:54:43,Flashpoint IOC
109.236.109.159,Apr 30 2020 21:54:43,Flashpoint IOC
115.79.195.246,Apr 30 2020 21:54:43,Flashpoint IOC
60.53.197.6,Apr 30 2020 21:54:43,Flashpoint IOC
157.7.164.178,Apr 30 2020 21:54:43,Flashpoint IOC
82.146.55.23,Apr 30 2020 21:54:43,Flashpoint IOC
42.51.192.231,Apr 30 2020 21:54:43,Flashpoint IOC
78.188.170.128,Apr 30 2020 21:54:43,Flashpoint IOC
124.150.175.133,Apr 30 2020 21:54:43,Flashpoint IOC
50.116.78.109,Apr 30 2020 21:54:43,Flashpoint IOC
220.132.16.114,Apr 30 2020 21:54:43,Flashpoint IOC
50.63.13.135,Apr 30 2020 21:54:43,Flashpoint IOC
117.2.133.44,Apr 30 2020 21:54:43,Flashpoint IOC
163.172.107.70,Apr 30 2020 21:54:43,Flashpoint IOC
220.128.125.18,Apr 30 2020 21:54:43,Flashpoint IOC
185.142.236.163,Apr 30 2020 21:54:43,Flashpoint IOC
190.251.235.239,Apr 30 2020 21:54:43,Flashpoint IOC
37.46.129.215,Apr 30 2020 21:54:43,Flashpoint IOC
72.10.33.195,Apr 30 2020 21:54:43,Flashpoint IOC
95.180.25.146,Apr 30 2020 21:54:43,Flashpoint IOC
201.214.229.79,Apr 30 2020 21:54:43,Flashpoint IOC
45.118.136.92,Apr 30 2020 21:54:43,Flashpoint IOC
80.211.32.88,Apr 30 2020 21:54:43,Flashpoint IOC
211.20.154.102,Apr 30 2020 21:54:43,Flashpoint IOC
46.17.6.116,Apr 30 2020 21:54:43,Flashpoint IOC
195.201.56.70,Apr 30 2020 21:54:43,Flashpoint IOC
75.127.14.170,Apr 30 2020 21:54:43,Flashpoint IOC
217.12.70.226,Apr 30 2020 21:54:43,Flashpoint IOC
186.10.92.114,Apr 30 2020 21:54:43,Flashpoint IOC
113.160.180.109,Apr 30 2020 21:54:43,Flashpoint IOC
77.74.78.80,Apr 30 2020 21:54:43,Flashpoint IOC
82.165.15.188,Apr 30 2020 21:54:43,Flashpoint IOC
192.241.220.183,Apr 30 2020 21:54:43,Flashpoint IOC
190.171.153.139,Apr 30 2020 21:54:43,Flashpoint IOC
203.153.216.182,Apr 30 2020 21:54:43,Flashpoint IOC
91.83.93.103,Apr 30 2020 21:54:43,Flashpoint IOC
31.146.61.34,Apr 30 2020 21:54:43,Flashpoint IOC
113.161.148.81,Apr 30 2020 21:54:43,Flashpoint IOC
181.225.24.251,Apr 30 2020 21:54:43,Flashpoint IOC
203.153.216.178,Apr 30 2020 21:54:43,Flashpoint IOC
192.163.221.191,Apr 30 2020 21:54:43,Flashpoint IOC
14.161.6.60,Apr 30 2020 21:54:43,Flashpoint IOC
177.144.130.105,Apr 30 2020 21:54:43,Flashpoint IOC
186.80.169.128,Apr 30 2020 21:54:43,Flashpoint IOC
102.22.62.71,Apr 30 2020 21:54:43,Flashpoint IOC
41.185.29.128,Apr 30 2020 21:54:43,Flashpoint IOC
177.0.241.28,Apr 30 2020 21:54:43,Flashpoint IOC
122.116.104.238,Apr 30 2020 21:54:43,Flashpoint IOC
37.70.131.107,Apr 30 2020 21:54:43,Flashpoint IOC
81.215.14.128,Apr 30 2020 21:54:43,Flashpoint IOC
192.210.217.94,Apr 30 2020 21:54:43,Flashpoint IOC
46.32.229.152,Apr 30 2020 21:54:43,Flashpoint IOC
188.0.135.237,Apr 30 2020 21:54:43,Flashpoint IOC
154.120.227.190,Apr 27 2020 19:35:23,Flashpoint IOC
85.100.122.211,Apr 27 2020 19:35:23,Flashpoint IOC
162.144.46.90,Apr 27 2020 19:35:23,Flashpoint IOC
198.211.121.27,Apr 27 2020 19:35:23,Flashpoint IOC
110.37.226.196,Apr 27 2020 19:35:23,Flashpoint IOC
105.209.235.113,Apr 27 2020 19:35:23,Flashpoint IOC
152.231.123.2,Apr 27 2020 19:35:23,Flashpoint IOC
103.205.177.228,Apr 27 2020 19:35:23,Flashpoint IOC
188.251.213.180,Apr 27 2020 19:35:23,Flashpoint IOC
88.247.53.159,Apr 27 2020 19:35:23,Flashpoint IOC
47.153.183.211,Apr 27 2020 19:35:23,Flashpoint IOC
60.117.26.28,Apr 27 2020 19:35:23,Flashpoint IOC
220.210.163.76,Apr 27 2020 19:35:23,Flashpoint IOC
45.55.179.121,Apr 27 2020 19:35:23,Flashpoint IOC
144.139.91.187,Apr 27 2020 19:35:23,Flashpoint IOC
87.252.100.28,Apr 27 2020 19:35:23,Flashpoint IOC
81.214.253.80,Apr 27 2020 19:35:23,Flashpoint IOC
81.214.142.115,Apr 27 2020 19:35:23,Flashpoint IOC
220.213.79.166,Apr 27 2020 19:35:23,Flashpoint IOC
154.73.137.131,Apr 27 2020 19:35:23,Flashpoint IOC
68.183.18.169,Apr 27 2020 19:35:23,Flashpoint IOC
158.69.167.246,Apr 27 2020 19:35:23,Flashpoint IOC
42.200.178.117,Apr 27 2020 19:35:23,Flashpoint IOC
183.131.156.10,Apr 27 2020 19:35:23,Flashpoint IOC
192.3.247.11,Apr 27 2020 17:06:32,Flashpoint IOC
172.82.152.126,Apr 27 2020 17:06:32,Flashpoint IOC
192.3.104.46,Apr 27 2020 17:06:32,Flashpoint IOC
23.94.233.210,Apr 27 2020 17:06:32,Flashpoint IOC
149.129.121.162,Apr 22 2020 22:50:28,Flashpoint IOC
104.18.40.94,Apr 22 2020 18:45:46,Flashpoint IOC
37.252.7.142,Apr 22 2020 18:45:46,Flashpoint IOC
91.218.114.11,Apr 22 2020 18:45:46,Flashpoint IOC
91.218.114.25,Apr 22 2020 18:45:46,Flashpoint IOC
91.218.114.32,Apr 22 2020 18:45:46,Flashpoint IOC
91.218.114.37,Apr 22 2020 18:45:46,Flashpoint IOC
91.218.114.26,Apr 22 2020 18:45:46,Flashpoint IOC
91.218.114.79,Apr 22 2020 18:45:46,Flashpoint IOC
91.218.114.77,Apr 22 2020 18:45:46,Flashpoint IOC
91.218.114.31,Apr 22 2020 18:45:46,Flashpoint IOC
91.218.114.38,Apr 22 2020 18:45:46,Flashpoint IOC
91.218.114.4,Apr 22 2020 18:45:46,Flashpoint IOC
124.150.175.129,Apr 6 2020 22:02:57,Flashpoint IOC
193.34.144.138,Apr 6 2020 22:02:57,Flashpoint IOC
167.114.242.226,Apr 6 2020 22:02:57,Flashpoint IOC
169.239.182.217,Apr 6 2020 22:02:57,Flashpoint IOC
212.129.14.27,Apr 6 2020 22:02:57,Flashpoint IOC
192.3.73.164,Apr 6 2020 22:02:57,Flashpoint IOC
195.201.56.68,Apr 6 2020 22:02:57,Flashpoint IOC
95.216.212.157,Apr 6 2020 22:02:57,Flashpoint IOC
31.214.138.207,Apr 6 2020 22:02:57,Flashpoint IOC
190.72.235.47,Apr 6 2020 22:02:57,Flashpoint IOC
107.170.24.125,Apr 6 2020 22:02:57,Flashpoint IOC
206.81.10.215,Apr 6 2020 22:02:57,Flashpoint IOC
62.75.187.192,Apr 6 2020 22:02:57,Flashpoint IOC
182.176.132.213,Apr 6 2020 22:02:57,Flashpoint IOC
181.57.193.14,Apr 6 2020 22:02:57,Flashpoint IOC
95.128.43.213,Apr 6 2020 22:02:57,Flashpoint IOC
181.44.166.242,Apr 6 2020 22:02:57,Flashpoint IOC
190.145.67.134,Apr 6 2020 22:02:57,Flashpoint IOC
191.92.209.110,Apr 6 2020 22:02:57,Flashpoint IOC
159.65.25.128,Apr 6 2020 22:02:57,Flashpoint IOC
94.192.228.255,Apr 6 2020 22:02:57,Flashpoint IOC
177.105.242.229,Apr 6 2020 22:02:57,Flashpoint IOC
37.230.114.53,Apr 6 2020 22:02:57,Flashpoint IOC
117.196.233.79,Apr 6 2020 22:02:57,Flashpoint IOC
181.47.235.26,Apr 6 2020 22:02:57,Flashpoint IOC
216.75.37.196,Apr 6 2020 22:02:57,Flashpoint IOC
103.39.131.88,Apr 6 2020 22:02:57,Flashpoint IOC
115.78.95.230,Apr 6 2020 22:02:57,Flashpoint IOC
91.205.215.66,Apr 6 2020 22:02:57,Flashpoint IOC
183.102.238.69,Apr 6 2020 22:02:57,Flashpoint IOC
194.5.250.169,Apr 6 2020 22:02:57,Flashpoint IOC
138.201.140.110,Apr 6 2020 22:02:57,Flashpoint IOC
45.33.49.124,Apr 6 2020 22:02:57,Flashpoint IOC
37.157.194.134,Apr 6 2020 22:02:57,Flashpoint IOC
217.26.163.82,Apr 6 2020 22:02:57,Flashpoint IOC
23.94.3.13,Apr 6 2020 22:02:57,Flashpoint IOC
87.106.139.101,Apr 6 2020 22:02:57,Flashpoint IOC
182.176.116.139,Apr 6 2020 22:02:57,Flashpoint IOC
190.142.200.108,Apr 6 2020 22:02:57,Flashpoint IOC
59.103.164.174,Apr 6 2020 22:02:57,Flashpoint IOC
46.105.131.87,Apr 6 2020 22:02:57,Flashpoint IOC
5.196.74.210,Apr 6 2020 22:02:57,Flashpoint IOC
117.255.221.135,Apr 6 2020 22:02:57,Flashpoint IOC
31.12.67.62,Apr 6 2020 22:02:57,Flashpoint IOC
181.31.213.158,Apr 6 2020 22:02:57,Flashpoint IOC
190.53.135.159,Apr 6 2020 22:02:57,Flashpoint IOC
163.172.97.112,Apr 6 2020 22:02:57,Flashpoint IOC
194.5.250.109,Apr 6 2020 22:02:57,Flashpoint IOC
104.131.11.150,Apr 6 2020 22:02:57,Flashpoint IOC
119.159.150.176,Apr 6 2020 22:02:57,Flashpoint IOC
104.131.44.150,Apr 6 2020 22:02:57,Flashpoint IOC
78.46.87.133,Apr 6 2020 22:02:57,Flashpoint IOC
195.226.144.249,Apr 6 2020 22:02:57,Flashpoint IOC
83.169.33.157,Apr 6 2020 22:02:57,Flashpoint IOC
24.45.193.161,Apr 6 2020 22:02:57,Flashpoint IOC
211.63.71.72,Apr 6 2020 22:02:57,Flashpoint IOC
80.11.163.139,Apr 6 2020 22:02:57,Flashpoint IOC
103.196.211.212,Apr 6 2020 22:02:57,Flashpoint IOC
200.71.148.138,Apr 6 2020 22:02:57,Flashpoint IOC
144.139.247.220,Apr 6 2020 22:02:57,Flashpoint IOC
191.100.24.201,Apr 6 2020 22:02:57,Flashpoint IOC
103.219.213.102,Apr 6 2020 22:02:57,Flashpoint IOC
181.143.194.138,Apr 6 2020 22:02:57,Flashpoint IOC
190.226.44.20,Apr 6 2020 22:02:57,Flashpoint IOC
185.99.2.242,Apr 6 2020 22:02:57,Flashpoint IOC
176.58.93.123,Apr 6 2020 22:02:57,Flashpoint IOC
107.173.160.18,Apr 6 2020 22:02:57,Flashpoint IOC
37.59.24.25,Apr 6 2020 22:02:57,Flashpoint IOC
46.105.131.68,Apr 6 2020 22:02:57,Flashpoint IOC
50.116.86.205,Apr 6 2020 22:02:57,Flashpoint IOC
45.141.100.6,Apr 6 2020 22:02:57,Flashpoint IOC
108.170.52.149,Apr 6 2020 22:02:57,Flashpoint IOC
189.28.185.50,Apr 6 2020 22:02:57,Flashpoint IOC
167.99.105.223,Apr 6 2020 22:02:57,Flashpoint IOC
212.73.150.233,Apr 6 2020 22:02:57,Flashpoint IOC
178.209.71.63,Apr 6 2020 22:02:57,Flashpoint IOC
192.161.190.171,Apr 6 2020 22:02:57,Flashpoint IOC
90.77.228.193,Apr 6 2020 22:02:57,Flashpoint IOC
104.236.246.93,Apr 6 2020 22:02:57,Flashpoint IOC
222.239.249.166,Apr 6 2020 22:02:57,Flashpoint IOC
104.239.175.211,Apr 6 2020 22:02:57,Flashpoint IOC
87.106.136.232,Apr 6 2020 22:02:57,Flashpoint IOC
195.54.162.66,Apr 6 2020 22:02:57,Flashpoint IOC
178.183.150.169,Apr 6 2020 22:02:57,Flashpoint IOC
31.31.77.83,Apr 6 2020 22:02:57,Flashpoint IOC
173.212.203.26,Apr 6 2020 22:02:57,Flashpoint IOC
190.189.79.73,Apr 6 2020 22:02:57,Flashpoint IOC
143.95.101.72,Apr 6 2020 22:02:57,Flashpoint IOC
212.129.24.79,Apr 6 2020 22:02:57,Flashpoint IOC
171.101.153.86,Apr 6 2020 22:02:57,Flashpoint IOC
103.255.10.24,Apr 6 2020 22:02:57,Flashpoint IOC
206.189.112.148,Apr 6 2020 22:02:57,Flashpoint IOC
23.253.207.142,Apr 6 2020 22:02:57,Flashpoint IOC
178.210.51.222,Apr 6 2020 22:02:57,Flashpoint IOC
80.93.48.49,Apr 6 2020 22:02:57,Flashpoint IOC
142.93.87.198,Apr 6 2020 22:02:57,Flashpoint IOC
198.57.217.170,Apr 6 2020 22:02:57,Flashpoint IOC
95.216.207.86,Apr 6 2020 22:02:57,Flashpoint IOC
31.172.240.91,Apr 6 2020 22:02:57,Flashpoint IOC
87.230.19.21,Apr 6 2020 22:02:57,Flashpoint IOC
190.211.207.11,Apr 6 2020 22:02:57,Flashpoint IOC
139.162.185.116,Apr 6 2020 22:02:57,Flashpoint IOC
217.160.182.191,Apr 6 2020 22:02:57,Flashpoint IOC
209.97.168.52,Apr 6 2020 22:02:57,Flashpoint IOC
189.209.217.49,Apr 6 2020 22:02:57,Flashpoint IOC
186.66.224.182,Apr 6 2020 22:02:57,Flashpoint IOC
78.24.219.147,Apr 6 2020 22:02:57,Flashpoint IOC
212.112.113.235,Apr 6 2020 22:02:57,Flashpoint IOC
81.190.160.139,Apr 6 2020 22:02:57,Flashpoint IOC
192.3.247.106,Apr 6 2020 22:02:57,Flashpoint IOC
187.177.155.123,Apr 6 2020 22:02:57,Flashpoint IOC
195.123.220.193,Apr 6 2020 22:02:57,Flashpoint IOC
177.226.25.78,Apr 6 2020 22:02:57,Flashpoint IOC
165.227.156.155,Apr 6 2020 22:02:57,Flashpoint IOC
92.222.216.44,Apr 6 2020 22:02:57,Flashpoint IOC
149.202.153.252,Apr 6 2020 22:02:57,Flashpoint IOC
113.52.135.33,Apr 6 2020 22:02:57,Flashpoint IOC
190.147.215.53,Apr 6 2020 22:02:57,Flashpoint IOC
167.71.10.37,Apr 6 2020 22:02:57,Flashpoint IOC
190.13.160.19,Apr 6 2020 22:02:57,Flashpoint IOC
181.197.108.171,Apr 6 2020 22:02:57,Flashpoint IOC
176.31.200.130,Apr 6 2020 22:02:57,Flashpoint IOC
94.156.35.235,Apr 6 2020 22:02:57,Flashpoint IOC
152.169.32.143,Apr 6 2020 22:02:57,Flashpoint IOC
186.75.241.230,Apr 6 2020 22:02:57,Flashpoint IOC
91.205.173.54,Apr 6 2020 22:02:57,Flashpoint IOC
138.197.140.163,Apr 6 2020 22:02:57,Flashpoint IOC
5.189.148.98,Apr 6 2020 22:02:57,Flashpoint IOC
201.196.15.79,Apr 6 2020 22:02:57,Flashpoint IOC
67.225.179.64,Apr 6 2020 22:02:57,Flashpoint IOC
65.23.154.17,Apr 6 2020 22:02:57,Flashpoint IOC
85.104.59.244,Apr 6 2020 22:02:57,Flashpoint IOC
200.71.112.158,Apr 6 2020 22:02:57,Flashpoint IOC
83.136.245.190,Apr 6 2020 22:02:57,Flashpoint IOC
80.82.69.52,Apr 6 2020 20:20:51,Flashpoint IOC
148.251.247.174,Apr 6 2020 20:20:51,Flashpoint IOC
213.226.71.40,Oct 24 2019 16:30:22,Flashpoint IOC
92.63.197.153,Oct 24 2019 16:30:22,Flashpoint IOC
185.164.32.113,Oct 15 2019 19:43:48,Flashpoint IOC
185.14.31.109,Oct 15 2019 19:43:48,Flashpoint IOC
46.21.153.17,Oct 15 2019 19:43:48,Flashpoint IOC
78.24.217.84,Oct 15 2019 19:43:48,Flashpoint IOC
185.251.38.165,Oct 15 2019 19:43:48,Flashpoint IOC
81.177.26.27,Oct 15 2019 19:43:48,Flashpoint IOC
185.98.87.218,Oct 15 2019 19:43:48,Flashpoint IOC
31.202.132.155,Oct 15 2019 19:43:48,Flashpoint IOC
194.5.250.94,Oct 15 2019 19:43:48,Flashpoint IOC
212.80.216.58,Oct 15 2019 19:43:48,Flashpoint IOC
92.242.40.148,Oct 15 2019 19:43:48,Flashpoint IOC
199.195.254.138,Oct 15 2019 19:43:48,Flashpoint IOC
195.123.239.16,Oct 15 2019 19:43:48,Flashpoint IOC
85.143.218.203,Oct 15 2019 19:43:48,Flashpoint IOC
198.98.51.83,Oct 15 2019 19:43:48,Flashpoint IOC
209.141.58.175,Oct 15 2019 19:43:48,Flashpoint IOC
145.239.188.95,Oct 15 2019 19:43:48,Flashpoint IOC
185.142.99.41,Sep 27 2019 13:31:15,Flashpoint IOC
185.250.204.126,Sep 27 2019 13:31:15,Flashpoint IOC
94.156.189.106,Sep 27 2019 13:31:15,Flashpoint IOC
107.181.187.60,Sep 27 2019 13:31:15,Flashpoint IOC
185.174.172.38,Sep 27 2019 13:31:15,Flashpoint IOC
37.228.117.247,Sep 27 2019 13:31:15,Flashpoint IOC
81.177.141.45,Sep 27 2019 13:31:15,Flashpoint IOC
23.227.206.136,Sep 27 2019 13:31:15,Flashpoint IOC
45.80.148.53,Sep 27 2019 13:31:15,Flashpoint IOC
5.53.125.13,Sep 27 2019 13:31:15,Flashpoint IOC
195.123.220.86,Sep 27 2019 13:31:15,Flashpoint IOC
93.189.46.110,Sep 27 2019 13:31:15,Flashpoint IOC
107.172.249.205,Sep 27 2019 13:31:15,Flashpoint IOC
81.177.136.107,Sep 27 2019 13:31:15,Flashpoint IOC
66.154.103.156,Sep 25 2019 20:02:32,Flashpoint IOC
37.48.111.5,Sep 25 2019 20:02:32,Flashpoint IOC
85.17.26.65,Sep 25 2019 20:02:32,Flashpoint IOC
91.234.99.206,Sep 25 2019 19:51:39,Flashpoint IOC
192.168.0.102,Sep 25 2019 19:51:39,Flashpoint IOC
23.92.211.186,Sep 25 2019 19:51:39,Flashpoint IOC
5.189.157.215,Sep 25 2019 19:51:39,Flashpoint IOC
115.186.136.237,Sep 25 2019 19:51:39,Flashpoint IOC
43.231.4.7,Sep 20 2019 19:30:17,Flashpoint IOC
162.248.225.20,Sep 16 2019 20:12:38,Flashpoint IOC
190.152.38.66,Sep 16 2019 20:12:38,Flashpoint IOC
185.183.97.53,Sep 16 2019 20:12:38,Flashpoint IOC
200.116.248.170,Sep 16 2019 20:12:38,Flashpoint IOC
125.99.253.34,Sep 16 2019 20:12:38,Flashpoint IOC
177.103.240.149,Sep 16 2019 20:12:38,Flashpoint IOC
177.52.79.29,Sep 16 2019 20:12:38,Flashpoint IOC
190.152.4.210,Sep 16 2019 20:12:38,Flashpoint IOC
181.176.160.145,Sep 16 2019 20:12:38,Flashpoint IOC
146.196.122.167,Sep 16 2019 20:12:38,Flashpoint IOC
180.250.197.188,Sep 16 2019 20:12:38,Flashpoint IOC
103.207.1.44,Sep 16 2019 20:12:38,Flashpoint IOC
202.4.169.178,Sep 16 2019 20:12:38,Flashpoint IOC
217.107.34.104,Sep 16 2019 20:12:38,Flashpoint IOC
186.42.226.46,Sep 16 2019 20:12:38,Flashpoint IOC
200.116.248.154,Sep 16 2019 20:12:38,Flashpoint IOC
186.183.199.114,Sep 16 2019 20:12:38,Flashpoint IOC
217.107.34.34,Sep 16 2019 20:12:38,Flashpoint IOC
103.117.172.206,Sep 16 2019 20:12:38,Flashpoint IOC
195.133.144.112,Sep 16 2019 20:12:38,Flashpoint IOC
186.47.82.6,Sep 16 2019 20:12:38,Flashpoint IOC
181.129.49.98,Sep 16 2019 20:12:38,Flashpoint IOC
202.9.120.79,Sep 16 2019 20:12:38,Flashpoint IOC
131.196.184.141,Sep 16 2019 20:12:38,Flashpoint IOC
181.129.93.226,Sep 16 2019 20:12:38,Flashpoint IOC
107.181.175.122,Sep 16 2019 20:12:38,Flashpoint IOC
189.80.134.122,Sep 16 2019 20:12:38,Flashpoint IOC
172.245.110.126,Sep 16 2019 20:12:38,Flashpoint IOC
187.58.56.26,Sep 16 2019 20:12:38,Flashpoint IOC
195.123.243.60,Sep 16 2019 20:12:38,Flashpoint IOC
185.65.202.127,Sep 16 2019 20:12:38,Flashpoint IOC
186.42.186.202,Sep 16 2019 20:12:38,Flashpoint IOC
181.129.140.140,Sep 16 2019 20:12:38,Flashpoint IOC
168.227.229.112,Sep 16 2019 20:12:38,Flashpoint IOC
191.37.181.152,Sep 16 2019 20:12:38,Flashpoint IOC
190.154.203.218,Sep 16 2019 20:12:38,Flashpoint IOC
103.84.238.3,Sep 16 2019 20:12:38,Flashpoint IOC
162.247.155.165,Sep 16 2019 20:12:38,Flashpoint IOC
190.152.36.30,Sep 16 2019 20:12:38,Flashpoint IOC
23.95.9.156,Sep 6 2019 20:20:01,Flashpoint IOC
66.85.27.117,Sep 6 2019 20:20:01,Flashpoint IOC
142.93.22.0,Sep 6 2019 20:20:01,Flashpoint IOC
185.86.150.232,Sep 6 2019 20:20:01,Flashpoint IOC
5.255.87.24,Aug 28 2019 18:42:19,Flashpoint IOC
185.86.151.41,Aug 28 2019 18:42:19,Flashpoint IOC
62.109.27.67,Aug 28 2019 18:42:19,Flashpoint IOC
162.247.155.128,Aug 28 2019 18:42:19,Flashpoint IOC
45.139.236.6,Aug 28 2019 18:35:05,Flashpoint IOC
185.228.233.39,Aug 28 2019 18:35:05,Flashpoint IOC
89.105.198.28,Jul 10 2019 19:31:39,Flashpoint IOC
37.252.15.241,Jul 10 2019 19:31:39,Flashpoint IOC
89.144.25.172,Jul 10 2019 07:01:35,Flashpoint IOC
185.185.126.133,Jul 9 2019 20:33:39,Flashpoint IOC
192.199.38.41,Jul 9 2019 20:33:39,Flashpoint IOC
82.146.50.109,Jul 3 2019 17:30:13,Flashpoint IOC
178.33.71.232,Jul 3 2019 17:30:13,Flashpoint IOC
212.109.222.249,Jul 3 2019 17:30:13,Flashpoint IOC
178.33.231.184,Jul 3 2019 17:30:13,Flashpoint IOC
5.135.247.141,Jul 3 2019 17:30:13,Flashpoint IOC
82.146.51.84,Jul 3 2019 17:30:13,Flashpoint IOC
82.146.51.89,Jul 3 2019 17:30:13,Flashpoint IOC
212.109.222.253,Jul 3 2019 17:30:13,Flashpoint IOC
5.135.247.140,Jul 3 2019 17:30:13,Flashpoint IOC
212.109.222.252,Jul 3 2019 17:30:13,Flashpoint IOC
212.109.222.250,Jul 3 2019 17:30:13,Flashpoint IOC
5.135.247.142,Jul 3 2019 17:30:13,Flashpoint IOC
213.227.154.22,Jun 28 2019 19:07:52,Flashpoint IOC
185.61.149.186,Jun 24 2019 21:20:14,Flashpoint IOC
46.159.248.73,Jun 20 2019 01:22:38,Flashpoint IOC
64.251.19.232,Jun 20 2019 01:22:38,Flashpoint IOC
65.111.190.249,Jun 20 2019 01:22:38,Flashpoint IOC
192.119.15.35,Jun 20 2019 01:22:38,Flashpoint IOC
41.134.194.89,Jun 20 2019 01:22:38,Flashpoint IOC
46.159.198.135,Jun 20 2019 01:22:38,Flashpoint IOC
64.251.19.231,Jun 20 2019 01:22:38,Flashpoint IOC
5.138.161.126,Jun 20 2019 01:22:38,Flashpoint IOC
5.138.164.220,Jun 20 2019 01:22:38,Flashpoint IOC
85.175.241.247,Jun 20 2019 01:22:38,Flashpoint IOC
64.251.19.214,Jun 20 2019 01:22:38,Flashpoint IOC
8.26.21.221,Jun 20 2019 01:22:38,Flashpoint IOC
46.159.203.127,Jun 20 2019 01:22:38,Flashpoint IOC
46.159.1.26,Jun 20 2019 01:22:38,Flashpoint IOC
46.159.120.197,Jun 20 2019 01:22:38,Flashpoint IOC
65.111.190.253,Jun 20 2019 01:22:38,Flashpoint IOC
153.148.23.221,Jun 20 2019 01:22:38,Flashpoint IOC
81.218.117.142,Jun 20 2019 01:22:38,Flashpoint IOC
8.26.21.120,Jun 20 2019 01:22:38,Flashpoint IOC
65.111.190.254,Jun 20 2019 01:22:38,Flashpoint IOC
217.147.168.46,Jun 20 2019 01:22:38,Flashpoint IOC
46.159.207.14,Jun 20 2019 01:22:38,Flashpoint IOC
46.159.100.155,Jun 20 2019 01:22:38,Flashpoint IOC
64.251.19.217,Jun 20 2019 01:22:38,Flashpoint IOC
153.141.128.24,Jun 20 2019 01:22:38,Flashpoint IOC
8.26.21.220,Jun 20 2019 01:22:38,Flashpoint IOC
189.124.233.238,Jun 20 2019 01:22:38,Flashpoint IOC
82.146.34.8,Jun 20 2019 01:22:38,Flashpoint IOC
153.148.19.155,Jun 20 2019 01:22:38,Flashpoint IOC
153.141.134.39,Jun 20 2019 01:22:38,Flashpoint IOC
91.134.203.113,Jun 20 2019 01:22:38,Flashpoint IOC
5.79.68.110,Jun 19 2019 14:32:25,Flashpoint IOC
162.210.195.123,Jun 19 2019 14:32:25,Flashpoint IOC
106.11.250.138,Jun 19 2019 14:32:25,Flashpoint IOC
195.157.15.100,Jun 19 2019 14:32:25,Flashpoint IOC
207.244.67.139,Jun 19 2019 14:32:25,Flashpoint IOC
203.119.128.15,Jun 19 2019 14:32:25,Flashpoint IOC
207.244.67.214,Jun 19 2019 14:32:25,Flashpoint IOC
106.11.250.205,Jun 19 2019 14:32:25,Flashpoint IOC
106.11.250.139,Jun 19 2019 14:32:25,Flashpoint IOC
108.177.126.188,Jun 19 2019 14:32:25,Flashpoint IOC
173.231.184.54,Jun 19 2019 14:32:25,Flashpoint IOC
203.119.128.92,Jun 19 2019 14:32:25,Flashpoint IOC
207.244.67.215,Jun 19 2019 14:32:25,Flashpoint IOC
37.48.65.148,Jun 19 2019 14:32:25,Flashpoint IOC
203.119.128.99,Jun 19 2019 14:32:25,Flashpoint IOC
162.210.195.122,Jun 19 2019 14:32:25,Flashpoint IOC
64.32.8.69,Jun 19 2019 14:32:25,Flashpoint IOC
46.166.182.113,Jun 19 2019 14:32:25,Flashpoint IOC
46.166.182.110,Jun 19 2019 14:32:25,Flashpoint IOC
207.244.67.218,Jun 19 2019 14:32:25,Flashpoint IOC
106.11.250.218,Jun 19 2019 14:32:25,Flashpoint IOC
203.119.128.83,Jun 19 2019 14:32:25,Flashpoint IOC
203.119.128.118,Jun 19 2019 14:32:25,Flashpoint IOC
203.119.129.77,Jun 19 2019 14:32:25,Flashpoint IOC
203.119.128.200,Jun 19 2019 14:32:25,Flashpoint IOC
203.119.128.90,Jun 19 2019 14:32:25,Flashpoint IOC
37.48.65.149,Jun 19 2019 14:32:25,Flashpoint IOC
203.119.128.27,Jun 19 2019 14:32:25,Flashpoint IOC
5.79.68.109,Jun 19 2019 14:32:25,Flashpoint IOC
203.119.128.34,Jun 19 2019 14:32:25,Flashpoint IOC
63.251.106.21,Jun 19 2019 14:32:25,Flashpoint IOC
64.32.8.67,Jun 19 2019 14:32:25,Flashpoint IOC
207.244.67.216,Jun 19 2019 14:32:25,Flashpoint IOC
140.205.254.8,Jun 19 2019 14:32:25,Flashpoint IOC
185.53.179.29,Jun 19 2019 14:32:25,Flashpoint IOC
64.32.8.68,Jun 19 2019 14:32:25,Flashpoint IOC
74.125.20.100,Jun 19 2019 14:32:25,Flashpoint IOC
37.48.65.151,Jun 19 2019 14:32:25,Flashpoint IOC
140.205.218.26,Jun 19 2019 14:32:25,Flashpoint IOC
140.205.252.16,Jun 19 2019 14:32:25,Flashpoint IOC
106.11.250.137,Jun 19 2019 14:32:25,Flashpoint IOC
37.48.65.150,Jun 19 2019 14:32:25,Flashpoint IOC
46.166.182.112,Jun 19 2019 14:32:25,Flashpoint IOC
195.22.26.248,Jun 19 2019 14:32:25,Flashpoint IOC
185.141.60.13,Jun 19 2019 14:32:25,Flashpoint IOC
176.103.48.228,Jun 10 2019 23:34:37,Flashpoint IOC
185.214.10.56,Jun 4 2019 18:30:17,Flashpoint IOC
185.139.70.182,Jun 4 2019 18:30:17,Flashpoint IOC
185.139.69.88,Jun 4 2019 18:30:17,Flashpoint IOC
46.17.41.118,Jun 4 2019 18:30:17,Flashpoint IOC
194.147.35.112,Jun 4 2019 18:30:17,Flashpoint IOC
89.223.91.11,Jun 4 2019 18:30:17,Flashpoint IOC
94.103.85.86,Jun 4 2019 18:30:17,Flashpoint IOC
185.158.249.249,Jun 4 2019 18:30:17,Flashpoint IOC
185.139.70.158,Jun 4 2019 18:30:17,Flashpoint IOC
82.146.43.238,Jun 4 2019 18:30:17,Flashpoint IOC
89.223.24.16,Jun 4 2019 18:30:17,Flashpoint IOC
89.223.26.106,Jun 4 2019 18:30:17,Flashpoint IOC
94.103.94.145,Jun 4 2019 18:30:17,Flashpoint IOC
217.12.204.104,Jun 4 2019 18:30:17,Flashpoint IOC
89.223.88.34,Jun 4 2019 18:30:17,Flashpoint IOC
89.223.95.106,Jun 4 2019 18:30:17,Flashpoint IOC
94.103.85.245,Jun 4 2019 18:30:17,Flashpoint IOC
91.235.129.113,Jun 4 2019 18:30:17,Flashpoint IOC
94.156.144.218,Jun 4 2019 18:30:17,Flashpoint IOC
109.94.110.82,Jun 4 2019 18:30:17,Flashpoint IOC
194.147.35.95,Jun 4 2019 18:30:17,Flashpoint IOC
85.143.174.175,Jun 4 2019 18:30:17,Flashpoint IOC
46.17.44.228,Jun 4 2019 18:30:17,Flashpoint IOC
95.168.180.151,Jun 4 2019 18:30:17,Flashpoint IOC
88.119.175.112,Jun 4 2019 18:30:17,Flashpoint IOC
185.212.148.142,Jun 4 2019 18:30:17,Flashpoint IOC
46.17.42.185,Jun 4 2019 18:30:17,Flashpoint IOC
195.123.218.80,Jun 4 2019 18:30:17,Flashpoint IOC
185.243.114.241,Jun 4 2019 18:30:17,Flashpoint IOC
5.253.18.150,Jun 4 2019 18:30:17,Flashpoint IOC
185.189.12.57,Jun 4 2019 18:30:17,Flashpoint IOC
89.223.90.34,Jun 4 2019 18:30:17,Flashpoint IOC
89.223.93.233,Jun 4 2019 18:30:17,Flashpoint IOC
93.95.97.158,Jun 4 2019 18:30:17,Flashpoint IOC
155.94.160.49,Jun 4 2019 18:30:17,Flashpoint IOC
185.158.249.190,Jun 4 2019 18:30:17,Flashpoint IOC
185.231.153.190,Jun 4 2019 18:30:17,Flashpoint IOC
88.119.175.186,Jun 4 2019 18:30:17,Flashpoint IOC
185.180.231.55,Jun 4 2019 18:30:17,Flashpoint IOC
185.193.141.60,Jun 4 2019 18:30:17,Flashpoint IOC
212.109.194.113,Jun 4 2019 18:30:17,Flashpoint IOC
185.22.153.83,Jun 4 2019 18:30:17,Flashpoint IOC
94.103.94.3,Jun 4 2019 18:30:17,Flashpoint IOC
155.94.160.8,Jun 4 2019 18:30:17,Flashpoint IOC
194.76.225.15,Jun 4 2019 18:30:17,Flashpoint IOC
147.78.64.167,Jun 4 2019 18:30:17,Flashpoint IOC
185.120.59.70,Jun 4 2019 18:30:17,Flashpoint IOC
194.147.35.173,Jun 4 2019 18:30:17,Flashpoint IOC
46.29.163.26,Jun 4 2019 18:30:17,Flashpoint IOC
94.103.94.183,Jun 4 2019 18:30:17,Flashpoint IOC
185.139.70.61,Jun 4 2019 18:30:17,Flashpoint IOC
185.189.12.253,Jun 4 2019 18:30:17,Flashpoint IOC
185.204.2.165,Jun 4 2019 18:30:17,Flashpoint IOC
212.109.198.200,Jun 4 2019 18:30:17,Flashpoint IOC
185.189.149.137,Jun 4 2019 18:30:17,Flashpoint IOC
147.78.65.134,Jun 4 2019 18:30:17,Flashpoint IOC
109.234.37.139,Jun 4 2019 18:30:17,Flashpoint IOC
176.32.35.158,Jun 4 2019 18:30:17,Flashpoint IOC
185.22.154.251,Jun 4 2019 18:30:17,Flashpoint IOC
89.223.94.244,Jun 4 2019 18:30:17,Flashpoint IOC
91.240.87.19,Jun 4 2019 18:30:17,Flashpoint IOC
192.48.88.7,Jun 4 2019 18:30:17,Flashpoint IOC
155.94.160.50,Jun 4 2019 18:30:17,Flashpoint IOC
157.52.132.68,Jun 4 2019 18:30:17,Flashpoint IOC
185.158.249.219,Jun 4 2019 18:30:17,Flashpoint IOC
185.214.10.55,Jun 4 2019 18:30:17,Flashpoint IOC
89.223.94.214,Jun 4 2019 18:30:17,Flashpoint IOC
185.214.10.46,Jun 4 2019 18:30:17,Flashpoint IOC
147.78.64.173,Jun 4 2019 18:30:17,Flashpoint IOC
185.189.12.139,Jun 4 2019 18:30:17,Flashpoint IOC
185.204.2.252,Jun 4 2019 18:30:17,Flashpoint IOC
37.230.112.226,Jun 4 2019 18:30:17,Flashpoint IOC
185.252.146.88,Jun 4 2019 18:30:17,Flashpoint IOC
89.223.91.158,Jun 4 2019 18:30:17,Flashpoint IOC
89.223.92.228,Jun 4 2019 18:30:17,Flashpoint IOC
107.160.141.48,Jun 4 2019 18:30:17,Flashpoint IOC
185.214.10.33,Jun 4 2019 18:30:17,Flashpoint IOC
194.76.225.37,Jun 4 2019 18:30:17,Flashpoint IOC
185.193.141.105,Jun 4 2019 18:30:17,Flashpoint IOC
185.193.141.29,Jun 4 2019 18:30:17,Flashpoint IOC
95.142.47.251,Jun 4 2019 18:30:17,Flashpoint IOC
94.103.95.229,Jun 4 2019 18:30:17,Flashpoint IOC
95.142.47.42,Jun 4 2019 18:30:17,Flashpoint IOC
168.235.109.99,Jun 4 2019 18:30:17,Flashpoint IOC
212.129.47.11,Jun 4 2019 18:30:17,Flashpoint IOC
104.194.10.55,Jun 4 2019 18:30:17,Flashpoint IOC
3.210.153.246,May 23 2019 18:50:17,Flashpoint IOC
3.210.58.210,May 23 2019 18:50:17,Flashpoint IOC
89.223.94.152,May 23 2019 13:26:07,Flashpoint IOC
85.143.173.5,May 23 2019 13:26:07,Flashpoint IOC
89.223.90.51,May 23 2019 13:26:07,Flashpoint IOC
54.37.205.28,May 22 2019 20:45:35,Flashpoint IOC
95.213.246.242,May 22 2019 20:45:35,Flashpoint IOC
208.100.26.251,May 22 2019 20:45:35,Flashpoint IOC
209.99.40.222,May 22 2019 20:45:35,Flashpoint IOC
169.239.128.110,May 22 2019 20:45:35,Flashpoint IOC
37.1.202.157,May 22 2019 20:45:35,Flashpoint IOC
185.144.83.85,May 22 2019 20:45:35,Flashpoint IOC
5.45.86.234,May 22 2019 20:45:35,Flashpoint IOC
208.91.197.91,May 22 2019 20:45:35,Flashpoint IOC
190.115.18.241,May 22 2019 20:45:35,Flashpoint IOC
146.185.239.17,May 22 2019 20:45:35,Flashpoint IOC
185.82.203.225,May 22 2019 20:45:35,Flashpoint IOC
185.15.25.79,May 22 2019 20:45:34,Flashpoint IOC
185.66.68.9,May 22 2019 20:45:34,Flashpoint IOC
31.18.219.133,May 22 2019 20:45:34,Flashpoint IOC
5.10.40.54,May 22 2019 20:45:34,Flashpoint IOC
194.165.17.159,May 22 2019 20:45:34,Flashpoint IOC
185.117.89.134,May 22 2019 20:45:34,Flashpoint IOC
52.191.194.66,May 22 2019 20:35:26,Flashpoint IOC
78.142.62.200,May 22 2019 20:35:26,Flashpoint IOC
204.155.30.185,May 22 2019 20:35:26,Flashpoint IOC
123.242.230.14,May 22 2019 20:35:26,Flashpoint IOC
216.189.0.240,May 22 2019 20:35:26,Flashpoint IOC
137.135.91.49,May 22 2019 20:35:26,Flashpoint IOC
163.172.204.41,May 22 2019 20:35:26,Flashpoint IOC
204.155.31.180,May 22 2019 20:35:26,Flashpoint IOC
65.52.17.132,May 22 2019 20:35:26,Flashpoint IOC
185.29.10.30,May 22 2019 20:35:26,Flashpoint IOC
124.248.208.99,May 22 2019 20:35:21,Flashpoint IOC
185.61.151.101,May 22 2019 20:35:21,Flashpoint IOC
185.29.8.115,May 22 2019 20:35:21,Flashpoint IOC
46.183.223.117,May 22 2019 20:35:21,Flashpoint IOC
212.109.196.67,May 22 2019 20:35:18,Flashpoint IOC
45.76.223.177,May 21 2019 14:52:18,Flashpoint IOC
169.239.128.178,May 21 2019 14:52:18,Flashpoint IOC
92.38.132.29,May 6 2019 14:50:16,Flashpoint IOC
80.255.6.15,May 2 2019 15:17:07,Flashpoint IOC
94.177.12.238,May 2 2019 15:17:07,Flashpoint IOC
195.12.50.171,May 2 2019 15:17:07,Flashpoint IOC
169.239.129.31,May 2 2019 15:17:07,Flashpoint IOC
185.25.50.93,May 2 2019 15:17:07,Flashpoint IOC
176.223.111.243,May 2 2019 15:17:07,Flashpoint IOC
185.86.148.184,May 2 2019 15:17:07,Flashpoint IOC
87.120.254.106,May 2 2019 15:17:07,Flashpoint IOC
103.253.41.124,May 2 2019 15:17:07,Flashpoint IOC
185.145.128.80,May 2 2019 15:17:07,Flashpoint IOC
185.94.192.122,May 2 2019 15:17:07,Flashpoint IOC
185.86.151.2,May 2 2019 15:17:07,Flashpoint IOC
185.128.24.104,May 2 2019 15:17:07,Flashpoint IOC
185.86.151.104,May 2 2019 15:17:07,Flashpoint IOC
179.43.158.20,May 2 2019 15:17:07,Flashpoint IOC
185.86.149.218,May 2 2019 15:17:07,Flashpoint IOC
193.37.255.10,May 2 2019 15:17:07,Flashpoint IOC
109.236.93.138,May 2 2019 15:17:07,Flashpoint IOC
86.106.131.229,May 2 2019 15:17:07,Flashpoint IOC
89.34.111.107,May 2 2019 15:17:07,Flashpoint IOC
185.216.35.7,May 2 2019 15:17:07,Flashpoint IOC
185.189.112.195,May 2 2019 15:17:07,Flashpoint IOC
46.21.147.76,May 2 2019 15:17:07,Flashpoint IOC
169.239.129.121,May 2 2019 15:17:07,Flashpoint IOC
139.5.177.205,May 2 2019 15:17:07,Flashpoint IOC
85.204.124.77,May 2 2019 15:17:07,Flashpoint IOC
162.208.10.66,May 2 2019 15:17:07,Flashpoint IOC
185.94.191.65,May 2 2019 15:17:07,Flashpoint IOC
89.34.111.132,May 2 2019 15:17:07,Flashpoint IOC
103.208.86.57,May 2 2019 15:17:07,Flashpoint IOC
185.230.124.246,May 2 2019 15:17:07,Flashpoint IOC
86.105.9.174,May 2 2019 15:17:07,Flashpoint IOC
185.181.102.201,May 2 2019 15:17:07,Flashpoint IOC
89.45.67.110,May 2 2019 15:17:07,Flashpoint IOC
93.113.131.103,May 2 2019 15:17:07,Flashpoint IOC
51.38.128.110,May 2 2019 15:17:07,Flashpoint IOC
86.105.1.123,May 2 2019 15:17:07,Flashpoint IOC
23.163.0.59,May 2 2019 15:17:07,Flashpoint IOC
185.181.102.203,May 2 2019 15:17:07,Flashpoint IOC
145.239.67.8,May 2 2019 15:17:07,Flashpoint IOC
185.86.148.15,May 2 2019 15:17:07,Flashpoint IOC
185.86.149.116,May 2 2019 15:17:07,Flashpoint IOC
185.86.150.205,May 2 2019 15:17:07,Flashpoint IOC
185.144.83.124,May 2 2019 15:17:07,Flashpoint IOC
172.104.21.26,May 2 2019 15:17:07,Flashpoint IOC
213.252.247.112,May 2 2019 15:17:07,Flashpoint IOC
169.239.128.133,May 2 2019 15:17:07,Flashpoint IOC
185.183.107.40,May 2 2019 15:17:07,Flashpoint IOC
89.37.226.106,May 2 2019 15:17:07,Flashpoint IOC
94.177.12.150,May 2 2019 15:17:07,Flashpoint IOC
188.241.68.118,May 2 2019 15:17:07,Flashpoint IOC
45.124.132.127,May 2 2019 15:17:07,Flashpoint IOC
54.37.104.106,May 2 2019 15:17:07,Flashpoint IOC
46.21.147.71,May 2 2019 15:17:07,Flashpoint IOC
46.21.147.55,May 2 2019 15:17:07,Flashpoint IOC
139.5.177.206,May 2 2019 15:17:07,Flashpoint IOC
185.216.35.10,May 2 2019 15:17:07,Flashpoint IOC
77.81.98.122,May 2 2019 15:17:07,Flashpoint IOC
86.106.131.54,May 2 2019 15:17:07,Flashpoint IOC
185.181.102.204,May 2 2019 15:17:07,Flashpoint IOC
185.210.219.250,May 2 2019 15:17:07,Flashpoint IOC
89.45.67.153,May 2 2019 15:17:07,Flashpoint IOC
168.235.81.88,Apr 25 2019 19:28:44,Flashpoint IOC
94.130.106.117,Apr 17 2019 16:53:04,Flashpoint IOC
78.46.201.36,Apr 17 2019 16:53:04,Flashpoint IOC
88.99.227.26,Apr 17 2019 16:53:04,Flashpoint IOC
88.99.170.84,Apr 17 2019 16:53:04,Flashpoint IOC
88.99.174.200,Apr 17 2019 16:53:04,Flashpoint IOC
88.99.189.31,Apr 17 2019 16:53:04,Flashpoint IOC
197.211.212.59,Apr 12 2019 04:57:56,Flashpoint IOC
84.49.242.125,Apr 12 2019 04:57:56,Flashpoint IOC
26.165.218.44,Apr 12 2019 04:57:56,Flashpoint IOC
113.114.117.122,Apr 12 2019 04:57:56,Flashpoint IOC
47.206.4.145,Apr 12 2019 04:57:56,Flashpoint IOC
112.175.92.57,Apr 12 2019 04:57:56,Flashpoint IOC
128.200.115.228,Apr 12 2019 04:57:56,Flashpoint IOC
186.169.2.237,Apr 12 2019 04:57:56,Flashpoint IOC
21.252.107.198,Apr 12 2019 04:57:56,Flashpoint IOC
97.90.44.200,Apr 12 2019 04:57:56,Flashpoint IOC
81.94.192.147,Apr 12 2019 04:57:56,Flashpoint IOC
81.94.192.10,Apr 12 2019 04:57:56,Flashpoint IOC
181.39.135.126,Apr 12 2019 04:57:56,Flashpoint IOC
137.139.135.151,Apr 12 2019 04:57:56,Flashpoint IOC
70.224.36.194,Apr 12 2019 04:57:56,Flashpoint IOC
185.161.209.143,Apr 8 2019 19:13:58,Flashpoint IOC
193.22.96.98,Apr 8 2019 19:13:58,Flashpoint IOC
86.106.102.127,Apr 8 2019 19:13:58,Flashpoint IOC
141.105.68.131,Apr 8 2019 19:13:58,Flashpoint IOC
159.89.214.31,Apr 3 2019 19:43:43,Flashpoint IOC
80.85.156.187,Apr 3 2019 19:43:43,Flashpoint IOC
185.180.198.245,Mar 25 2019 15:11:01,Flashpoint IOC
194.156.100.80,Mar 25 2019 15:11:01,Flashpoint IOC
104.193.252.141,Mar 25 2019 15:11:01,Flashpoint IOC
194.113.107.91,Mar 25 2019 15:11:01,Flashpoint IOC
94.103.83.217,Mar 25 2019 15:11:01,Flashpoint IOC
94.154.10.62,Mar 25 2019 15:11:01,Flashpoint IOC
212.109.194.239,Mar 25 2019 15:11:01,Flashpoint IOC
185.220.35.235,Mar 25 2019 15:11:01,Flashpoint IOC
147.78.65.96,Mar 25 2019 15:11:01,Flashpoint IOC
89.223.25.193,Mar 25 2019 15:11:01,Flashpoint IOC
89.223.28.79,Mar 25 2019 15:11:01,Flashpoint IOC
185.246.64.68,Mar 25 2019 15:11:01,Flashpoint IOC
194.156.100.81,Mar 25 2019 15:11:01,Flashpoint IOC
82.146.48.246,Mar 25 2019 15:11:01,Flashpoint IOC
46.17.43.118,Mar 25 2019 15:11:01,Flashpoint IOC
162.248.225.14,Mar 25 2019 15:11:01,Flashpoint IOC
80.87.197.176,Mar 25 2019 15:11:01,Flashpoint IOC
185.246.116.118,Mar 25 2019 15:11:01,Flashpoint IOC
185.220.35.15,Mar 25 2019 15:11:01,Flashpoint IOC
104.236.95.236,Mar 14 2019 19:46:25,Flashpoint IOC
178.32.255.135,Mar 14 2019 19:46:25,Flashpoint IOC
169.239.128.150,Mar 8 2019 14:54:27,Flashpoint IOC
185.99.133.83,Mar 8 2019 14:54:27,Flashpoint IOC
185.255.79.44,Mar 8 2019 14:54:27,Flashpoint IOC
185.255.79.67,Mar 8 2019 14:54:27,Flashpoint IOC
103.208.86.226,Mar 8 2019 14:54:27,Flashpoint IOC
185.99.133.140,Mar 8 2019 14:54:27,Flashpoint IOC
169.239.128.117,Mar 8 2019 14:54:27,Flashpoint IOC
103.208.86.252,Mar 8 2019 14:54:27,Flashpoint IOC
185.99.132.128,Mar 8 2019 14:54:27,Flashpoint IOC
91.200.41.236,Mar 8 2019 14:54:27,Flashpoint IOC
46.161.40.145,Mar 7 2019 23:13:03,Flashpoint IOC
185.141.62.192,Mar 7 2019 21:23:28,Flashpoint IOC
46.29.160.20,Mar 7 2019 21:23:28,Flashpoint IOC
185.251.38.206,Mar 7 2019 21:23:28,Flashpoint IOC
89.223.90.27,Mar 7 2019 21:23:28,Flashpoint IOC
89.223.91.148,Mar 7 2019 21:23:28,Flashpoint IOC
46.29.165.85,Mar 7 2019 21:23:28,Flashpoint IOC
185.231.153.10,Mar 7 2019 21:23:28,Flashpoint IOC
94.156.189.84,Mar 7 2019 21:23:28,Flashpoint IOC
185.174.173.79,Mar 7 2019 21:23:28,Flashpoint IOC
185.174.172.245,Mar 7 2019 21:23:28,Flashpoint IOC
89.223.94.181,Mar 7 2019 21:23:28,Flashpoint IOC
194.147.34.219,Mar 7 2019 21:23:28,Flashpoint IOC
95.142.47.75,Mar 7 2019 21:23:28,Flashpoint IOC
85.143.175.24,Mar 7 2019 21:23:28,Flashpoint IOC
